{
  "5m": {
    "All": {
      "totalTransactions": 42149,
      "totalTransactionsPct": -3.0165669581224113,
      "totalTraders": 9681,
      "totalTradersPct": -6.064428488259266,
      "totalVolume": 41693920.37373875,
      "totalVolumePct": -31.170225083431998,
      "totalBuyVolume": 20785366.437546175,
      "totalSellVolume": 20908553.936192635,
      "totalBuyTransactions": 21184,
      "totalSellTransactions": 20965,
      "totalTokensCreated": 106,
      "totalTokensCreatedPct": 32.5,
      "totalMigrations": 0,
      "totalMigrationsPct": -100
    },
    "Pump V1": {
      "totalTransactions": 7978,
      "totalTransactionsPct": -2.1464491598184714,
      "totalTraders": 4221,
      "totalTradersPct": -3.9808917197452227,
      "totalVolume": 631793.2177666316,
      "totalVolumePct": -19.92604017881316,
      "totalBuyVolume": 303736.64562424936,
      "totalSellVolume": 328056.57214238186,
      "totalBuyTransactions": 4240,
      "totalSellTransactions": 3738,
      "totalTokensCreated": 79,
      "totalTokensCreatedPct": 46.2962962962963,
      "totalMigrations": 0,
      "totalMigrationsPct": -100
    },
    "Bags": {
      "totalTransactions": 51,
      "totalTransactionsPct": 2,
      "totalTraders": 42,
      "totalTradersPct": 7.6923076923076925,
      "totalVolume": 6217.614064742699,
      "totalVolumePct": 30.88913591920821,
      "totalBuyVolume": 2549.218785830315,
      "totalSellVolume": 3668.395278912385,
      "totalBuyTransactions": 37,
      "totalSellTransactions": 14,
      "totalTokensCreated": 0,
      "totalTokensCreatedPct": 0,
      "totalMigrations": 0,
      "totalMigrationsPct": 0
    },
    "Bonk": {
      "totalTransactions": 27,
      "totalTransactionsPct": 42.10526315789473,
      "totalTraders": 26,
      "totalTradersPct": 52.94117647058824,
      "totalVolume": 1254.97623005666,
      "totalVolumePct": -35.898646994672255,
      "totalBuyVolume": 884.310561256045,
      "totalSellVolume": 370.665668800615,
      "totalBuyTransactions": 16,
      "totalSellTransactions": 11,
      "totalTokensCreated": 0,
      "totalTokensCreatedPct": 0,
      "totalMigrations": 0,
      "totalMigrationsPct": 0
    },
    "Meteora AMM V2": {
      "totalTransactions": 28670,
      "totalTransactionsPct": -1.7343021661639706,
      "totalTraders": 3887,
      "totalTradersPct": -10.023148148148147,
      "totalVolume": 39320525.737859726,
      "totalVolumePct": -31.78143364721041,
      "totalBuyVolume": 19660619.480053768,
      "totalSellVolume": 19659906.257805992,
      "totalBuyTransactions": 13923,
      "totalSellTransactions": 14747,
      "totalTokensCreated": 11,
      "totalTokensCreatedPct": -15.384615384615385,
      "totalMigrations": 0,
      "totalMigrationsPct": 0
    },
    "Raydium CLMM": {
      "totalTransactions": 2845,
      "totalTransactionsPct": -12.434595260080025,
      "totalTraders": 1145,
      "totalTradersPct": -1.3781223083548666,
      "totalVolume": 851347.374644189,
      "totalVolumePct": -34.23916663264288,
      "totalBuyVolume": 450339.56699771853,
      "totalSellVolume": 401007.8076464706,
      "totalBuyTransactions": 1532,
      "totalSellTransactions": 1313,
      "totalTokensCreated": 0,
      "totalTokensCreatedPct": 0,
      "totalMigrations": 0,
      "totalMigrationsPct": 0
    },
    "Meteora DLMM": {
      "totalTransactions": 908,
      "totalTransactionsPct": -13.276026743075453,
      "totalTraders": 323,
      "totalTradersPct": -11.748633879781421,
      "totalVolume": 370677.69436744147,
      "totalVolumePct": 53.45277176043594,
      "totalBuyVolume": 199133.49602127107,
      "totalSellVolume": 171544.19834617036,
      "totalBuyTransactions": 504,
      "totalSellTransactions": 404,
      "totalTokensCreated": 0,
      "totalTokensCreatedPct": 0,
      "totalMigrations": 0,
      "totalMigrationsPct": 0
    }
  },
  "1h": {
    "All": {
      "totalTransactions": 510581,
      "totalTransactionsPct": -11.161434345578524,
      "totalTraders": 49428,
      "totalTradersPct": 0.13370608970463108,
      "totalVolume": 313700791.02410877,
      "totalVolumePct": 21.375948495692395,
      "totalBuyVolume": 156639453.29003924,
      "totalSellVolume": 157061337.73406926,
      "totalBuyTransactions": 258859,
      "totalSellTransactions": 251722,
      "totalTokensCreated": 898,
      "totalTokensCreatedPct": -10.379241516966067,
      "totalMigrations": 8,
      "totalMigrationsPct": 100
    },
    "Pump V1": {
      "totalTransactions": 91594,
      "totalTransactionsPct": 6.541816912876584,
      "totalTraders": 24923,
      "totalTradersPct": 6.9473051836594575,
      "totalVolume": 7943967.635176515,
      "totalVolumePct": 12.756279725983788,
      "totalBuyVolume": 3895247.776068364,
      "totalSellVolume": 4048719.8591081495,
      "totalBuyTransactions": 48892,
      "totalSellTransactions": 42702,
      "totalTokensCreated": 587,
      "totalTokensCreatedPct": -15.173410404624278,
      "totalMigrations": 8,
      "totalMigrationsPct": 100
    },
    "Bonk": {
      "totalTransactions": 374,
      "totalTransactionsPct": 24.666666666666668,
      "totalTraders": 204,
      "totalTradersPct": 23.636363636363637,
      "totalVolume": 79754.18465298953,
      "totalVolumePct": 144.5183174984119,
      "totalBuyVolume": 39059.12406842117,
      "totalSellVolume": 40695.06058456832,
      "totalBuyTransactions": 169,
      "totalSellTransactions": 205,
      "totalTokensCreated": 0,
      "totalTokensCreatedPct": 0,
      "totalMigrations": 0,
      "totalMigrationsPct": 0
    },
    "Bags": {
      "totalTransactions": 515,
      "totalTransactionsPct": -66.05141727092946,
      "totalTraders": 291,
      "totalTradersPct": -54.60218408736349,
      "totalVolume": 52932.374193365744,
      "totalVolumePct": -78.29687421896945,
      "totalBuyVolume": 24723.620267900154,
      "totalSellVolume": 28208.753925465582,
      "totalBuyTransactions": 300,
      "totalSellTransactions": 215,
      "totalTokensCreated": 5,
      "totalTokensCreatedPct": 150,
      "totalMigrations": 0,
      "totalMigrationsPct": 0
    },
    "Meteora AMM V2": {
      "totalTransactions": 346038,
      "totalTransactionsPct": -16.620363119405322,
      "totalTraders": 13269,
      "totalTradersPct": -5.180791767900529,
      "totalVolume": 284444815.0488447,
      "totalVolumePct": 22.36638318912151,
      "totalBuyVolume": 142290556.86625987,
      "totalSellVolume": 142154258.18258488,
      "totalBuyTransactions": 174273,
      "totalSellTransactions": 171765,
      "totalTokensCreated": 138,
      "totalTokensCreatedPct": -2.8169014084507045,
      "totalMigrations": 0,
      "totalMigrationsPct": 0
    },
    "Raydium CLMM": {
      "totalTransactions": 34232,
      "totalTransactionsPct": -0.82855321861058,
      "totalTraders": 8916,
      "totalTradersPct": -8.53508411981945,
      "totalVolume": 9267844.38455645,
      "totalVolumePct": 63.60972674572359,
      "totalBuyVolume": 4373724.160755544,
      "totalSellVolume": 4894120.223800908,
      "totalBuyTransactions": 17080,
      "totalSellTransactions": 17152,
      "totalTokensCreated": 1,
      "totalTokensCreatedPct": -75,
      "totalMigrations": 0,
      "totalMigrationsPct": 0
    },
    "Meteora DLMM": {
      "totalTransactions": 13422,
      "totalTransactionsPct": 1.5356683561540208,
      "totalTraders": 2450,
      "totalTradersPct": 5.195362816659511,
      "totalVolume": 3988238.946992044,
      "totalVolumePct": -4.783931690833625,
      "totalBuyVolume": 1865758.0826057978,
      "totalSellVolume": 2122480.864386244,
      "totalBuyTransactions": 5785,
      "totalSellTransactions": 7637,
      "totalTokensCreated": 3,
      "totalTokensCreatedPct": 200,
      "totalMigrations": 0,
      "totalMigrationsPct": 0
    }
  },
  "6h": {
    "All": {
      "totalTransactions": 2975902,
      "totalTransactionsPct": -13.802933577411917,
      "totalTraders": 148459,