{
  "5m": {
    "All": {
      "totalTransactions": 49893,
      "totalTransactionsPct": -2.4002347417840375,
      "totalTraders": 10145,
      "totalTradersPct": -1.1497612783786417,
      "totalVolume": 26914701.42838678,
      "totalVolumePct": -10.271934826941912,
      "totalBuyVolume": 13528461.132309116,
      "totalSellVolume": 13386240.296077656,
      "totalBuyTransactions": 25587,
      "totalSellTransactions": 24306,
      "totalTokensCreated": 87,
      "totalTokensCreatedPct": 4.819277108433735,
      "totalMigrations": 1,
      "totalMigrationsPct": 0
    },
    "Pump V1": {
      "totalTransactions": 6604,
      "totalTransactionsPct": -7.429212223156714,
      "totalTraders": 3388,
      "totalTradersPct": -6.846301897167996,
      "totalVolume": 600707.1444025685,
      "totalVolumePct": -2.086113942336551,
      "totalBuyVolume": 291162.4809014619,
      "totalSellVolume": 309544.66350110644,
      "totalBuyTransactions": 3504,
      "totalSellTransactions": 3100,
      "totalTokensCreated": 67,
      "totalTokensCreatedPct": 21.818181818181817,
      "totalMigrations": 1,
      "totalMigrationsPct": 0
    },
    "Bags": {
      "totalTransactions": 82,
      "totalTransactionsPct": 67.3469387755102,
      "totalTraders": 61,
      "totalTradersPct": 64.86486486486487,
      "totalVolume": 8540.041398858155,
      "totalVolumePct": 31.186742460236104,
      "totalBuyVolume": 4832.89592739084,
      "totalSellVolume": 3707.1454714673146,
      "totalBuyTransactions": 45,
      "totalSellTransactions": 37,
      "totalTokensCreated": 1,
      "totalTokensCreatedPct": 0,
      "totalMigrations": 0,
      "totalMigrationsPct": 0
    },
    "Bonk": {
      "totalTransactions": 36,
      "totalTransactionsPct": 125,
      "totalTraders": 27,
      "totalTradersPct": 68.75,
      "totalVolume": 5518.08848937931,
      "totalVolumePct": 211.0461536467475,
      "totalBuyVolume": 344.27376455345,
      "totalSellVolume": 5173.81472482586,
      "totalBuyTransactions": 6,
      "totalSellTransactions": 30,
      "totalTokensCreated": 0,
      "totalTokensCreatedPct": 0,
      "totalMigrations": 0,
      "totalMigrationsPct": 0
    },
    "Meteora AMM V2": {
      "totalTransactions": 37103,
      "totalTransactionsPct": 2.2656486866403904,
      "totalTraders": 5059,
      "totalTradersPct": 6.955602536997886,
      "totalVolume": 24975473.373385254,
      "totalVolumePct": -7.172865715949377,
      "totalBuyVolume": 12502844.537226148,
      "totalSellVolume": 12472628.836159106,
      "totalBuyTransactions": 19067,
      "totalSellTransactions": 18036,
      "totalTokensCreated": 9,
      "totalTokensCreatedPct": -43.75,
      "totalMigrations": 0,
      "totalMigrationsPct": 0
    },
    "Meteora DLMM": {
      "totalTransactions": 1206,
      "totalTransactionsPct": -25.693160813308687,
      "totalTraders": 339,
      "totalTradersPct": -16.502463054187192,
      "totalVolume": 361971.4769891605,
      "totalVolumePct": -38.91482312583755,
      "totalBuyVolume": 176330.25689466874,
      "totalSellVolume": 185641.22009449196,
      "totalBuyTransactions": 541,
      "totalSellTransactions": 665,
      "totalTokensCreated": 0,
      "totalTokensCreatedPct": 0,
      "totalMigrations": 0,
      "totalMigrationsPct": 0
    },
    "Raydium CLMM": {
      "totalTransactions": 3178,
      "totalTransactionsPct": -3.1097560975609757,
      "totalTraders": 1281,
      "totalTradersPct": -7.442196531791907,
      "totalVolume": 343224.4202499158,
      "totalVolumePct": -33.81232353613256,
      "totalBuyVolume": 189859.44538679457,
      "totalSellVolume": 153364.9748631213,
      "totalBuyTransactions": 1653,
      "totalSellTransactions": 1525,
      "totalTokensCreated": 0,
      "totalTokensCreatedPct": 0,
      "totalMigrations": 0,
      "totalMigrationsPct": 0
    }
  },
  "1h": {
    "All": {
      "totalTransactions": 572667,
      "totalTransactionsPct": 16.72883594648142,
      "totalTraders": 49130,
      "totalTradersPct": 6.224730276102139,
      "totalVolume": 254606041.66368774,
      "totalVolumePct": -53.716598934822024,
      "totalBuyVolume": 127924087.1271723,
      "totalSellVolume": 126681954.53651544,
      "totalBuyTransactions": 291924,
      "totalSellTransactions": 280743,
      "totalTokensCreated": 1011,
      "totalTokensCreatedPct": -3.7142857142857144,
      "totalMigrations": 4,
      "totalMigrationsPct": 100
    },
    "Pump V1": {
      "totalTransactions": 86054,
      "totalTransactionsPct": 1.917451293894712,
      "totalTraders": 23110,
      "totalTradersPct": 4.056913863748931,
      "totalVolume": 7031819.577782902,
      "totalVolumePct": 10.925135107594782,
      "totalBuyVolume": 3481902.788310829,
      "totalSellVolume": 3549916.7894720742,
      "totalBuyTransactions": 45670,
      "totalSellTransactions": 40384,
      "totalTokensCreated": 707,
      "totalTokensCreatedPct": -8.656330749354005,
      "totalMigrations": 4,
      "totalMigrationsPct": 100
    },
    "Bags": {
      "totalTransactions": 1494,
      "totalTransactionsPct": 380.38585209003213,
      "totalTraders": 634,
      "totalTradersPct": 200.4739336492891,
      "totalVolume": 238284.3412872582,
      "totalVolumePct": 622.449078938256,
      "totalBuyVolume": 126490.54636396424,
      "totalSellVolume": 111793.79492329386,
      "totalBuyTransactions": 793,
      "totalSellTransactions": 701,
      "totalTokensCreated": 2,
      "totalTokensCreatedPct": -50,
      "totalMigrations": 0,
      "totalMigrationsPct": 0
    },
    "Bonk": {
      "totalTransactions": 304,
      "totalTransactionsPct": -14.606741573033707,
      "totalTraders": 167,
      "totalTradersPct": -8.241758241758241,
      "totalVolume": 33366.448757341444,
      "totalVolumePct": -16.337214160233547,
      "totalBuyVolume": 9258.109962650675,
      "totalSellVolume": 24108.338794690775,
      "totalBuyTransactions": 118,
      "totalSellTransactions": 186,
      "totalTokensCreated": 0,
      "totalTokensCreatedPct": -100,
      "totalMigrations": 0,
      "totalMigrationsPct": 0
    },
    "Meteora AMM V2": {
      "totalTransactions": 413461,
      "totalTransactionsPct": 26.807522680292223,
      "totalTraders": 13957,
      "totalTradersPct": 16.57061722208302,
      "totalVolume": 228652193.26091793,
      "totalVolumePct": -56.3538165721736,
      "totalBuyVolume": 114427250.52973704,
      "totalSellVolume": 114224942.73118106,
      "totalBuyTransactions": 210624,
      "totalSellTransactions": 202837,
      "totalTokensCreated": 136,
      "totalTokensCreatedPct": 7.086614173228346,
      "totalMigrations": 0,
      "totalMigrationsPct": 0
    },
    "Raydium CLMM": {
      "totalTransactions": 33981,
      "totalTransactionsPct": -2.4459564206356044,
      "totalTraders": 9743,
      "totalTradersPct": 0.5469556243550051,
      "totalVolume": 5642363.565620806,
      "totalVolumePct": -18.031093543660216,
      "totalBuyVolume": 2962223.054290443,
      "totalSellVolume": 2680140.5113303657,
      "totalBuyTransactions": 16820,
      "totalSellTransactions": 17161,
      "totalTokensCreated": 4,
      "totalTokensCreatedPct": -42.857142857142854,
      "totalMigrations": 0,
      "totalMigrationsPct": 0
    },
    "Meteora DLMM": {
      "totalTransactions": 13170,
      "totalTransactionsPct": 8.27920743237688,
      "totalTraders": 2343,
      "totalTradersPct": 6.210335448776065,
      "totalVolume": 4224011.484612893,
      "totalVolumePct": -5.183401261181272,
      "totalBuyVolume": 2132837.0808166103,
      "totalSellVolume": 2091174.4037962842,
      "totalBuyTransactions": 5851,
      "totalSellTransactions": 7319,
      "totalTokensCreated": 1,
      "totalTokensCreatedPct": -80,
      "totalMigrations": 0,
      "totalMigrationsPct": 0
    }
  },
  "6h": {
    "All": {
      "totalTransactions": 2920576,
      "totalTransactionsPct": -18.439234831642352,
      "totalTraders": 147092,
      "totalTradersPct": -5.006328950427527,