{
  "5m": {
    "All": {
      "totalTransactions": 46060,
      "totalTransactionsPct": -7.682440422504159,
      "totalTraders": 10017,
      "totalTradersPct": -1.2617052735337606,
      "totalVolume": 13582430.45355862,
      "totalVolumePct": -49.535273539266136,
      "totalBuyVolume": 6561945.156641704,
      "totalSellVolume": 7020485.296916949,
      "totalBuyTransactions": 23284,
      "totalSellTransactions": 22776,
      "totalTokensCreated": 90,
      "totalTokensCreatedPct": 3.4482758620689653,
      "totalMigrations": 1,
      "totalMigrationsPct": 0
    },
    "Pump V1": {
      "totalTransactions": 6787,
      "totalTransactionsPct": 2.7710478497880073,
      "totalTraders": 3456,
      "totalTradersPct": 2.0070838252656436,
      "totalVolume": 529391.1375692396,
      "totalVolumePct": -11.872009097587142,
      "totalBuyVolume": 255016.90083952982,
      "totalSellVolume": 274374.2367297095,
      "totalBuyTransactions": 3492,
      "totalSellTransactions": 3295,
      "totalTokensCreated": 64,
      "totalTokensCreatedPct": -4.477611940298507,
      "totalMigrations": 1,
      "totalMigrationsPct": 0
    },
    "Bags": {
      "totalTransactions": 74,
      "totalTransactionsPct": -9.75609756097561,
      "totalTraders": 50,
      "totalTradersPct": -18.0327868852459,
      "totalVolume": 13178.785337152098,
      "totalVolumePct": 54.31758139854176,
      "totalBuyVolume": 6506.472124327971,
      "totalSellVolume": 6672.31321282413,
      "totalBuyTransactions": 44,
      "totalSellTransactions": 30,
      "totalTokensCreated": 1,
      "totalTokensCreatedPct": 0,
      "totalMigrations": 0,
      "totalMigrationsPct": 0
    },
    "Bonk": {
      "totalTransactions": 16,
      "totalTransactionsPct": -55.55555555555556,
      "totalTraders": 14,
      "totalTradersPct": -48.148148148148145,
      "totalVolume": 3021.3860743627497,
      "totalVolumePct": -45.24578429327429,
      "totalBuyVolume": 2427.4466564173,
      "totalSellVolume": 593.93941794545,
      "totalBuyTransactions": 8,
      "totalSellTransactions": 8,
      "totalTokensCreated": 0,
      "totalTokensCreatedPct": 0,
      "totalMigrations": 0,
      "totalMigrationsPct": 0
    },
    "Meteora AMM V2": {
      "totalTransactions": 33541,
      "totalTransactionsPct": -9.600301862383095,
      "totalTraders": 4838,
      "totalTradersPct": -4.3684522632931415,
      "totalVolume": 12096964.148910433,
      "totalVolumePct": -51.564625150202815,
      "totalBuyVolume": 6064477.459129057,
      "totalSellVolume": 6032486.689781396,
      "totalBuyTransactions": 17252,
      "totalSellTransactions": 16289,
      "totalTokensCreated": 9,
      "totalTokensCreatedPct": 0,
      "totalMigrations": 0,
      "totalMigrationsPct": 0
    },
    "Raydium CLMM": {
      "totalTransactions": 3329,
      "totalTransactionsPct": 4.751415984896161,
      "totalTraders": 1314,
      "totalTradersPct": 2.576112412177986,
      "totalVolume": 309366.7918520314,
      "totalVolumePct": -9.864574430115212,
      "totalBuyVolume": 131938.0865719929,
      "totalSellVolume": 177428.70528003847,
      "totalBuyTransactions": 1578,
      "totalSellTransactions": 1751,
      "totalTokensCreated": 0,
      "totalTokensCreatedPct": 0,
      "totalMigrations": 0,
      "totalMigrationsPct": 0
    },
    "Meteora DLMM": {
      "totalTransactions": 835,
      "totalTransactionsPct": -30.762852404643446,
      "totalTraders": 302,
      "totalTradersPct": -10.914454277286136,
      "totalVolume": 202929.66990752643,
      "totalVolumePct": -43.937662824852,
      "totalBuyVolume": 46709.55641729197,
      "totalSellVolume": 156220.11349023442,
      "totalBuyTransactions": 339,
      "totalSellTransactions": 496,
      "totalTokensCreated": 0,
      "totalTokensCreatedPct": 0,
      "totalMigrations": 0,
      "totalMigrationsPct": 0
    }
  },
  "1h": {
    "All": {
      "totalTransactions": 575428,
      "totalTransactionsPct": 15.462932864601516,
      "totalTraders": 49479,
      "totalTradersPct": 7.453254283666688,
      "totalVolume": 259693872.8596844,
      "totalVolumePct": -52.645821770287235,
      "totalBuyVolume": 130214897.7585671,
      "totalSellVolume": 129478975.10111734,
      "totalBuyTransactions": 292407,
      "totalSellTransactions": 283021,
      "totalTokensCreated": 992,
      "totalTokensCreatedPct": -7.977736549165121,
      "totalMigrations": 5,
      "totalMigrationsPct": 150
    },
    "Pump V1": {
      "totalTransactions": 85205,
      "totalTransactionsPct": 1.007646256890522,
      "totalTraders": 23302,
      "totalTradersPct": 6.280501710376282,
      "totalVolume": 6993554.8684608685,
      "totalVolumePct": 9.512498029077156,
      "totalBuyVolume": 3448427.2129354705,
      "totalSellVolume": 3545127.6555254012,
      "totalBuyTransactions": 44952,
      "totalSellTransactions": 40253,
      "totalTokensCreated": 692,
      "totalTokensCreatedPct": -13.06532663316583,
      "totalMigrations": 5,
      "totalMigrationsPct": 150
    },
    "Bags": {
      "totalTransactions": 1539,
      "totalTransactionsPct": 373.53846153846155,
      "totalTraders": 646,
      "totalTradersPct": 197.69585253456222,
      "totalVolume": 249931.17712816593,
      "totalVolumePct": 653.8991161604181,
      "totalBuyVolume": 132114.4910277529,
      "totalSellVolume": 117816.68610041299,
      "totalBuyTransactions": 819,
      "totalSellTransactions": 720,
      "totalTokensCreated": 3,
      "totalTokensCreatedPct": -25,
      "totalMigrations": 0,
      "totalMigrationsPct": 0
    },
    "Bonk": {
      "totalTransactions": 298,
      "totalTransactionsPct": -6.875000000000001,
      "totalTraders": 166,
      "totalTradersPct": 3.1055900621118013,
      "totalVolume": 34902.406316113804,
      "totalVolumePct": -4.711134577793104,
      "totalBuyVolume": 11011.671344971333,
      "totalSellVolume": 23890.734971142472,
      "totalBuyTransactions": 117,
      "totalSellTransactions": 181,
      "totalTokensCreated": 0,
      "totalTokensCreatedPct": -100,
      "totalMigrations": 0,
      "totalMigrationsPct": 0
    },
    "Meteora AMM V2": {
      "totalTransactions": 416496,
      "totalTransactionsPct": 23.966366545129848,
      "totalTraders": 14057,
      "totalTradersPct": 15.704996295991439,
      "totalVolume": 233834518.41891855,
      "totalVolumePct": -55.34925276414978,
      "totalBuyVolume": 117013774.03789648,
      "totalSellVolume": 116820744.38102224,
      "totalBuyTransactions": 211871,
      "totalSellTransactions": 204625,
      "totalTokensCreated": 135,
      "totalTokensCreatedPct": 7.142857142857142,
      "totalMigrations": 0,
      "totalMigrationsPct": 0
    },
    "Raydium CLMM": {
      "totalTransactions": 34805,
      "totalTransactionsPct": 1.1155980360826239,
      "totalTraders": 9785,
      "totalTradersPct": 1.3779527559055118,
      "totalVolume": 5544413.832731553,
      "totalVolumePct": -15.523454032947209,
      "totalBuyVolume": 2892366.1757465526,
      "totalSellVolume": 2652047.6569850026,
      "totalBuyTransactions": 17176,
      "totalSellTransactions": 17629,
      "totalTokensCreated": 3,
      "totalTokensCreatedPct": -50,
      "totalMigrations": 0,
      "totalMigrationsPct": 0
    },
    "Meteora DLMM": {
      "totalTransactions": 13201,
      "totalTransactionsPct": 10.477864256423132,
      "totalTraders": 2327,
      "totalTradersPct": 5.3894927536231885,
      "totalVolume": 4224045.125766756,
      "totalVolumePct": 2.487167243101782,
      "totalBuyVolume": 2071622.087860266,
      "totalSellVolume": 2152423.03790649,
      "totalBuyTransactions": 5829,
      "totalSellTransactions": 7372,
      "totalTokensCreated": 1,
      "totalTokensCreatedPct": -75,
      "totalMigrations": 0,
      "totalMigrationsPct": 0
    }
  },
  "6h": {
    "All": {
      "totalTransactions": 2928275,
      "totalTransactionsPct": -18.116778891324774,
      "totalTraders": 147193,