{
  "5m": {
    "All": {
      "totalTransactions": 43934,
      "totalTransactionsPct": 13.815704256366415,
      "totalTraders": 9953,
      "totalTradersPct": -0.06024701275228436,
      "totalVolume": 10400970.579629824,
      "totalVolumePct": -76.5509410317995,
      "totalBuyVolume": 5365613.945461798,
      "totalSellVolume": 5035356.634168012,
      "totalBuyTransactions": 21998,
      "totalSellTransactions": 21936,
      "totalTokensCreated": 68,
      "totalTokensCreatedPct": -6.8493150684931505,
      "totalMigrations": 0,
      "totalMigrationsPct": -100
    },
    "Pump V1": {
      "totalTransactions": 6985,
      "totalTransactionsPct": -1.6612698859636774,
      "totalTraders": 3783,
      "totalTradersPct": 1.1226944667201284,
      "totalVolume": 615377.0344961121,
      "totalVolumePct": -8.257075370071966,
      "totalBuyVolume": 305854.7108273702,
      "totalSellVolume": 309522.3236687419,
      "totalBuyTransactions": 3788,
      "totalSellTransactions": 3197,
      "totalTokensCreated": 42,
      "totalTokensCreatedPct": 2.4390243902439024,
      "totalMigrations": 0,
      "totalMigrationsPct": -100
    },
    "Bonk": {
      "totalTransactions": 34,
      "totalTransactionsPct": -8.108108108108109,
      "totalTraders": 27,
      "totalTradersPct": -6.896551724137931,
      "totalVolume": 4940.480196207654,
      "totalVolumePct": 12.442622284211986,
      "totalBuyVolume": 807.5713956133701,
      "totalSellVolume": 4132.908800594285,
      "totalBuyTransactions": 9,
      "totalSellTransactions": 25,
      "totalTokensCreated": 0,
      "totalTokensCreatedPct": 0,
      "totalMigrations": 0,
      "totalMigrationsPct": 0
    },
    "Virtual Curve": {
      "totalTransactions": 32,
      "totalTransactionsPct": 77.77777777777779,
      "totalTraders": 18,
      "totalTradersPct": 5.88235294117647,
      "totalVolume": 1655.3869712926398,
      "totalVolumePct": 44.271537631625186,
      "totalBuyVolume": 1051.347071654825,
      "totalSellVolume": 604.039899637815,
      "totalBuyTransactions": 20,
      "totalSellTransactions": 12,
      "totalTokensCreated": 6,
      "totalTokensCreatedPct": 50,
      "totalMigrations": 0,
      "totalMigrationsPct": 0
    },
    "Meteora AMM V2": {
      "totalTransactions": 27866,
      "totalTransactionsPct": 6.975315751084494,
      "totalTraders": 4593,
      "totalTradersPct": -3.406940063091483,
      "totalVolume": 7035290.332130032,
      "totalVolumePct": -83.22703493666091,
      "totalBuyVolume": 3505321.737576558,
      "totalSellVolume": 3529968.5945534827,
      "totalBuyTransactions": 14136,
      "totalSellTransactions": 13730,
      "totalTokensCreated": 13,
      "totalTokensCreatedPct": -27.77777777777778,
      "totalMigrations": 0,
      "totalMigrationsPct": 0
    },
    "Raydium CLMM": {
      "totalTransactions": 3744,
      "totalTransactionsPct": 52.00974421437271,
      "totalTraders": 1163,
      "totalTradersPct": 5.631244323342416,
      "totalVolume": 904531.3085420564,
      "totalVolumePct": 45.50123180098587,
      "totalBuyVolume": 498647.8706977642,
      "totalSellVolume": 405883.4378442925,
      "totalBuyTransactions": 1809,
      "totalSellTransactions": 1935,
      "totalTokensCreated": 0,
      "totalTokensCreatedPct": 0,
      "totalMigrations": 0,
      "totalMigrationsPct": 0
    },
    "Meteora DLMM": {
      "totalTransactions": 1957,
      "totalTransactionsPct": 80.36866359447005,
      "totalTraders": 479,
      "totalTradersPct": 26.052631578947366,
      "totalVolume": 711081.5785680988,
      "totalVolumePct": 213.09339817298945,
      "totalBuyVolume": 363544.0567217484,
      "totalSellVolume": 347537.52184635086,
      "totalBuyTransactions": 720,
      "totalSellTransactions": 1237,
      "totalTokensCreated": 0,
      "totalTokensCreatedPct": 0,
      "totalMigrations": 0,
      "totalMigrationsPct": 0
    }
  },
  "1h": {
    "All": {
      "totalTransactions": 527085,
      "totalTransactionsPct": -5.546247099196287,
      "totalTraders": 50284,
      "totalTradersPct": 4.488404953869171,
      "totalVolume": 254437301.66292253,
      "totalVolumePct": -11.401951151757318,
      "totalBuyVolume": 127670001.83723433,
      "totalSellVolume": 126767299.82568803,
      "totalBuyTransactions": 268141,
      "totalSellTransactions": 258944,
      "totalTokensCreated": 888,
      "totalTokensCreatedPct": -14.119922630560927,
      "totalMigrations": 5,
      "totalMigrationsPct": 66.66666666666666
    },
    "Pump V1": {
      "totalTransactions": 89321,
      "totalTransactionsPct": 2.6642759445076605,
      "totalTraders": 24627,
      "totalTradersPct": 7.5602725366876316,
      "totalVolume": 7760749.960723174,
      "totalVolumePct": 12.47108543186362,
      "totalBuyVolume": 3807702.9708283893,
      "totalSellVolume": 3953046.9898947803,
      "totalBuyTransactions": 47399,
      "totalSellTransactions": 41922,
      "totalTokensCreated": 573,
      "totalTokensCreatedPct": -21.506849315068493,
      "totalMigrations": 5,
      "totalMigrationsPct": 66.66666666666666
    },
    "Bonk": {
      "totalTransactions": 374,
      "totalTransactionsPct": 33.096085409252666,
      "totalTraders": 193,
      "totalTradersPct": 24.516129032258064,
      "totalVolume": 84834.33726533703,
      "totalVolumePct": 220.66357418311867,
      "totalBuyVolume": 37371.99458122709,
      "totalSellVolume": 47462.342684109964,
      "totalBuyTransactions": 153,
      "totalSellTransactions": 221,
      "totalTokensCreated": 0,
      "totalTokensCreatedPct": 0,
      "totalMigrations": 0,
      "totalMigrationsPct": 0
    },
    "Bags": {
      "totalTransactions": 573,
      "totalTransactionsPct": -59.505300353356894,
      "totalTraders": 312,
      "totalTradersPct": -49.35064935064935,
      "totalVolume": 63319.07590528202,
      "totalVolumePct": -72.21447595130502,
      "totalBuyVolume": 31067.61056246174,
      "totalSellVolume": 32251.465342820284,
      "totalBuyTransactions": 319,
      "totalSellTransactions": 254,
      "totalTokensCreated": 6,
      "totalTokensCreatedPct": 500,
      "totalMigrations": 0,
      "totalMigrationsPct": 0
    },
    "Meteora AMM V2": {
      "totalTransactions": 363648,
      "totalTransactionsPct": -9.637853660476004,
      "totalTraders": 14138,
      "totalTradersPct": 5.538966855777844,
      "totalVolume": 226368462.33104694,
      "totalVolumePct": -14.170818248291914,
      "totalBuyVolume": 113284939.19722164,
      "totalSellVolume": 113083523.13382526,
      "totalBuyTransactions": 184816,
      "totalSellTransactions": 178832,
      "totalTokensCreated": 141,
      "totalTokensCreatedPct": 5.223880597014925,
      "totalMigrations": 0,
      "totalMigrationsPct": 0
    },
    "Raydium CLMM": {
      "totalTransactions": 34393,
      "totalTransactionsPct": 5.4611799337667115,
      "totalTraders": 9182,
      "totalTradersPct": -4.463635417750495,
      "totalVolume": 7532722.2650836725,
      "totalVolumePct": 39.08666806911216,
      "totalBuyVolume": 3695725.4234235142,
      "totalSellVolume": 3836996.841660159,
      "totalBuyTransactions": 16902,
      "totalSellTransactions": 17491,
      "totalTokensCreated": 1,
      "totalTokensCreatedPct": -85.71428571428571,
      "totalMigrations": 0,
      "totalMigrationsPct": 0
    },
    "Meteora DLMM": {
      "totalTransactions": 14070,
      "totalTransactionsPct": 21.923743500866554,
      "totalTraders": 2440,
      "totalTradersPct": 6.550218340611353,
      "totalVolume": 4211974.782215011,
      "totalVolumePct": 20.172155820863942,
      "totalBuyVolume": 2066158.9634903404,
      "totalSellVolume": 2145815.8187246723,
      "totalBuyTransactions": 6144,
      "totalSellTransactions": 7926,
      "totalTokensCreated": 3,
      "totalTokensCreatedPct": 200,
      "totalMigrations": 0,
      "totalMigrationsPct": 0
    }
  },
  "6h": {
    "All": {
      "totalTransactions": 2951660,