{
  "5m": {
    "All": {
      "totalTransactions": 42915,
      "totalTransactionsPct": 15.465332149487448,
      "totalTraders": 9877,
      "totalTradersPct": 0.847457627118644,
      "totalVolume": 10142815.967239507,
      "totalVolumePct": -80.17792330942459,
      "totalBuyVolume": 5193951.640824364,
      "totalSellVolume": 4948864.326415129,
      "totalBuyTransactions": 21366,
      "totalSellTransactions": 21549,
      "totalTokensCreated": 69,
      "totalTokensCreatedPct": -1.4285714285714286,
      "totalMigrations": 0,
      "totalMigrationsPct": -100
    },
    "Pump V1": {
      "totalTransactions": 6848,
      "totalTransactionsPct": -4.584088059077609,
      "totalTraders": 3683,
      "totalTradersPct": -1.497726664883659,
      "totalVolume": 651061.4123671396,
      "totalVolumePct": 0.2212225896548878,
      "totalBuyVolume": 326302.71906154044,
      "totalSellVolume": 324758.69330559886,
      "totalBuyTransactions": 3727,
      "totalSellTransactions": 3121,
      "totalTokensCreated": 42,
      "totalTokensCreatedPct": 7.6923076923076925,
      "totalMigrations": 0,
      "totalMigrationsPct": -100
    },
    "Bonk": {
      "totalTransactions": 38,
      "totalTransactionsPct": 18.75,
      "totalTraders": 28,
      "totalTradersPct": 0,
      "totalVolume": 5292.434591767,
      "totalVolumePct": 35.25236814240861,
      "totalBuyVolume": 748.5593869561701,
      "totalSellVolume": 4543.87520481083,
      "totalBuyTransactions": 8,
      "totalSellTransactions": 30,
      "totalTokensCreated": 0,
      "totalTokensCreatedPct": 0,
      "totalMigrations": 0,
      "totalMigrationsPct": 0
    },
    "Virtual Curve": {
      "totalTransactions": 21,
      "totalTransactionsPct": -12.5,
      "totalTraders": 17,
      "totalTradersPct": -26.08695652173913,
      "totalVolume": 1270.48176058715,
      "totalVolumePct": -21.332288910512208,
      "totalBuyVolume": 672.031375221695,
      "totalSellVolume": 598.450385365455,
      "totalBuyTransactions": 10,
      "totalSellTransactions": 11,
      "totalTokensCreated": 6,
      "totalTokensCreatedPct": 50,
      "totalMigrations": 0,
      "totalMigrationsPct": 0
    },
    "Meteora AMM V2": {
      "totalTransactions": 27798,
      "totalTransactionsPct": 12.537953928990731,
      "totalTraders": 4645,
      "totalTradersPct": 0.8686210640608035,
      "totalVolume": 7021260.208454832,
      "totalVolumePct": -85.6101278080946,
      "totalBuyVolume": 3492555.7782739,
      "totalSellVolume": 3528704.430180939,
      "totalBuyTransactions": 14140,
      "totalSellTransactions": 13658,
      "totalTokensCreated": 13,
      "totalTokensCreatedPct": -23.52941176470588,
      "totalMigrations": 0,
      "totalMigrationsPct": 0
    },
    "Raydium CLMM": {
      "totalTransactions": 3284,
      "totalTransactionsPct": 35.36685902720528,
      "totalTraders": 1134,
      "totalTradersPct": 4.227941176470589,
      "totalVolume": 835690.815567692,
      "totalVolumePct": 36.84599181020482,
      "totalBuyVolume": 460038.2611870487,
      "totalSellVolume": 375652.5543806438,
      "totalBuyTransactions": 1580,
      "totalSellTransactions": 1704,
      "totalTokensCreated": 0,
      "totalTokensCreatedPct": 0,
      "totalMigrations": 0,
      "totalMigrationsPct": 0
    },
    "Meteora DLMM": {
      "totalTransactions": 1834,
      "totalTransactionsPct": 68.10265811182401,
      "totalTraders": 480,
      "totalTradersPct": 26.984126984126984,
      "totalVolume": 647472.7485813424,
      "totalVolumePct": 163.5518427349622,
      "totalBuyVolume": 310664.437360894,
      "totalSellVolume": 336808.31122044864,
      "totalBuyTransactions": 615,
      "totalSellTransactions": 1219,
      "totalTokensCreated": 0,
      "totalTokensCreatedPct": 0,
      "totalMigrations": 0,
      "totalMigrationsPct": 0
    }
  },
  "1h": {
    "All": {
      "totalTransactions": 527239,
      "totalTransactionsPct": -5.318780225443875,
      "totalTraders": 50280,
      "totalTradersPct": 4.647532624305368,
      "totalVolume": 257809085.4177774,
      "totalVolumePct": -9.052115886898292,
      "totalBuyVolume": 129280965.4117672,
      "totalSellVolume": 128528120.00601016,
      "totalBuyTransactions": 268106,
      "totalSellTransactions": 259133,
      "totalTokensCreated": 890,
      "totalTokensCreatedPct": -14.092664092664092,
      "totalMigrations": 5,
      "totalMigrationsPct": 66.66666666666666
    },
    "Pump V1": {
      "totalTransactions": 89297,
      "totalTransactionsPct": 2.6166398529073773,
      "totalTraders": 24611,
      "totalTradersPct": 7.556157678524604,
      "totalVolume": 7784689.486378176,
      "totalVolumePct": 13.548808353383594,
      "totalBuyVolume": 3824246.596237046,
      "totalSellVolume": 3960442.890141126,
      "totalBuyTransactions": 47335,
      "totalSellTransactions": 41962,
      "totalTokensCreated": 574,
      "totalTokensCreatedPct": -21.69167803547067,
      "totalMigrations": 5,
      "totalMigrationsPct": 66.66666666666666
    },
    "Bonk": {
      "totalTransactions": 373,
      "totalTransactionsPct": 31.802120141342755,
      "totalTraders": 191,
      "totalTradersPct": 23.225806451612904,
      "totalVolume": 84910.99917844536,
      "totalVolumePct": 221.2754247503933,
      "totalBuyVolume": 37536.951554510444,
      "totalSellVolume": 47374.047623934945,
      "totalBuyTransactions": 152,
      "totalSellTransactions": 221,
      "totalTokensCreated": 0,
      "totalTokensCreatedPct": 0,
      "totalMigrations": 0,
      "totalMigrationsPct": 0
    },
    "Bags": {
      "totalTransactions": 582,
      "totalTransactionsPct": -58.723404255319146,
      "totalTraders": 316,
      "totalTradersPct": -48.86731391585761,
      "totalVolume": 64295.05851423747,
      "totalVolumePct": -72.0226331993485,
      "totalBuyVolume": 31283.992468898126,
      "totalSellVolume": 33011.066045339365,
      "totalBuyTransactions": 325,
      "totalSellTransactions": 257,
      "totalTokensCreated": 6,
      "totalTokensCreatedPct": 500,
      "totalMigrations": 0,
      "totalMigrationsPct": 0
    },
    "Meteora AMM V2": {
      "totalTransactions": 365063,
      "totalTransactionsPct": -8.912326401884316,
      "totalTraders": 14142,
      "totalTradersPct": 5.99610253335332,
      "totalVolume": 230160134.3857236,
      "totalVolumePct": -11.453988581386913,
      "totalBuyVolume": 115178890.53414004,
      "totalSellVolume": 114981243.85158347,
      "totalBuyTransactions": 185574,
      "totalSellTransactions": 179489,
      "totalTokensCreated": 140,
      "totalTokensCreatedPct": 3.7037037037037033,
      "totalMigrations": 0,
      "totalMigrationsPct": 0
    },
    "Raydium CLMM": {
      "totalTransactions": 33879,
      "totalTransactionsPct": 3.1575421716095247,
      "totalTraders": 9193,
      "totalTradersPct": -4.309357759966691,
      "totalVolume": 7409645.311523547,
      "totalVolumePct": 36.81431979598796,
      "totalBuyVolume": 3626413.361936933,
      "totalSellVolume": 3783231.949586615,
      "totalBuyTransactions": 16632,
      "totalSellTransactions": 17247,
      "totalTokensCreated": 1,
      "totalTokensCreatedPct": -85.71428571428571,
      "totalMigrations": 0,
      "totalMigrationsPct": 0
    },
    "Meteora DLMM": {
      "totalTransactions": 13787,
      "totalTransactionsPct": 18.55705563677014,
      "totalTraders": 2434,
      "totalTradersPct": 6.567425569176883,
      "totalVolume": 4110994.222265587,
      "totalVolumePct": 16.59572913138345,
      "totalBuyVolume": 1991576.110046743,
      "totalSellVolume": 2119418.1122188447,
      "totalBuyTransactions": 5978,
      "totalSellTransactions": 7809,
      "totalTokensCreated": 3,
      "totalTokensCreatedPct": 200,
      "totalMigrations": 0,
      "totalMigrationsPct": 0
    }
  },
  "6h": {
    "All": {
      "totalTransactions": 2949313,
      "totalTransactionsPct": -15.553657535842937,
      "totalTraders": 148789,