{
  "5m": {
    "All": {
      "totalTransactions": 42922,
      "totalTransactionsPct": 7.587416969545056,
      "totalTraders": 9790,
      "totalTradersPct": 0.855053054496755,
      "totalVolume": 14637117.094764799,
      "totalVolumePct": -66.1692964025404,
      "totalBuyVolume": 7228583.610056774,
      "totalSellVolume": 7408533.484708063,
      "totalBuyTransactions": 21633,
      "totalSellTransactions": 21289,
      "totalTokensCreated": 68,
      "totalTokensCreatedPct": -33.33333333333333,
      "totalMigrations": 0,
      "totalMigrationsPct": -100
    },
    "Pump V1": {
      "totalTransactions": 7898,
      "totalTransactionsPct": 1.7390184207136414,
      "totalTraders": 4156,
      "totalTradersPct": -0.40738078121255694,
      "totalVolume": 673023.9645679152,
      "totalVolumePct": 2.9457252817256014,
      "totalBuyVolume": 335265.30375319876,
      "totalSellVolume": 337758.66081471625,
      "totalBuyTransactions": 4259,
      "totalSellTransactions": 3639,
      "totalTokensCreated": 46,
      "totalTokensCreatedPct": -41.77215189873418,
      "totalMigrations": 0,
      "totalMigrationsPct": -100
    },
    "Bonk": {
      "totalTransactions": 26,
      "totalTransactionsPct": -27.77777777777778,
      "totalTraders": 26,
      "totalTradersPct": -13.333333333333334,
      "totalVolume": 4781.77168286829,
      "totalVolumePct": 42.27270200791013,
      "totalBuyVolume": 2160.61976346098,
      "totalSellVolume": 2621.1519194073103,
      "totalBuyTransactions": 15,
      "totalSellTransactions": 11,
      "totalTokensCreated": 0,
      "totalTokensCreatedPct": 0,
      "totalMigrations": 0,
      "totalMigrationsPct": 0
    },
    "Bags": {
      "totalTransactions": 59,
      "totalTransactionsPct": -9.230769230769232,
      "totalTraders": 43,
      "totalTradersPct": -8.51063829787234,
      "totalVolume": 4295.335367660515,
      "totalVolumePct": -10.648735071475686,
      "totalBuyVolume": 1439.356144376325,
      "totalSellVolume": 2855.97922328419,
      "totalBuyTransactions": 33,
      "totalSellTransactions": 26,
      "totalTokensCreated": 0,
      "totalTokensCreatedPct": -100,
      "totalMigrations": 0,
      "totalMigrationsPct": 0
    },
    "Meteora AMM V2": {
      "totalTransactions": 28545,
      "totalTransactionsPct": 4.522153057488099,
      "totalTraders": 4057,
      "totalTradersPct": 0.0740009866798224,
      "totalVolume": 11680770.901497379,
      "totalVolumePct": -71.53256102959577,
      "totalBuyVolume": 5853960.056079166,
      "totalSellVolume": 5826810.845418209,
      "totalBuyTransactions": 14107,
      "totalSellTransactions": 14438,
      "totalTokensCreated": 10,
      "totalTokensCreatedPct": -9.090909090909092,
      "totalMigrations": 0,
      "totalMigrationsPct": 0
    },
    "Raydium CLMM": {
      "totalTransactions": 2659,
      "totalTransactionsPct": 12.71725307333616,
      "totalTraders": 1128,
      "totalTradersPct": 4.059040590405904,
      "totalVolume": 804636.9471716146,
      "totalVolumePct": 20.388774833142804,
      "totalBuyVolume": 380091.49502273626,
      "totalSellVolume": 424545.4521488789,
      "totalBuyTransactions": 1307,
      "totalSellTransactions": 1352,
      "totalTokensCreated": 1,
      "totalTokensCreatedPct": 0,
      "totalMigrations": 0,
      "totalMigrationsPct": 0
    },
    "Meteora DLMM": {
      "totalTransactions": 1137,
      "totalTransactionsPct": 49.60526315789473,
      "totalTraders": 367,
      "totalTradersPct": 28.771929824561404,
      "totalVolume": 473745.5177468329,
      "totalVolumePct": 65.72577788427175,
      "totalBuyVolume": 223227.72525955623,
      "totalSellVolume": 250517.79248727663,
      "totalBuyTransactions": 552,
      "totalSellTransactions": 585,
      "totalTokensCreated": 0,
      "totalTokensCreatedPct": 0,
      "totalMigrations": 0,
      "totalMigrationsPct": 0
    }
  },
  "1h": {
    "All": {
      "totalTransactions": 505359,
      "totalTransactionsPct": -12.236026786334524,
      "totalTraders": 49328,
      "totalTradersPct": -1.1026905649785477,
      "totalVolume": 344906079.4891816,
      "totalVolumePct": 32.74052844979469,
      "totalBuyVolume": 172301177.85024518,
      "totalSellVolume": 172604901.63893616,
      "totalBuyTransactions": 255848,
      "totalSellTransactions": 249511,
      "totalTokensCreated": 890,
      "totalTokensCreatedPct": -7.580477673935618,
      "totalMigrations": 8,
      "totalMigrationsPct": 60
    },
    "Pump V1": {
      "totalTransactions": 93162,
      "totalTransactionsPct": 10.154420980443163,
      "totalTraders": 25183,
      "totalTradersPct": 7.179945522642152,
      "totalVolume": 8058254.89477473,
      "totalVolumePct": 13.87441401450291,
      "totalBuyVolume": 3979208.623572056,
      "totalSellVolume": 4079046.2712026727,
      "totalBuyTransactions": 49925,
      "totalSellTransactions": 43237,
      "totalTokensCreated": 573,
      "totalTokensCreatedPct": -14.732142857142858,
      "totalMigrations": 8,
      "totalMigrationsPct": 60
    },
    "Bonk": {
      "totalTransactions": 390,
      "totalTransactionsPct": 46.616541353383454,
      "totalTraders": 219,
      "totalTradersPct": 43.13725490196079,
      "totalVolume": 83608.67712586295,
      "totalVolumePct": 156.66609659375675,
      "totalBuyVolume": 38982.681314519774,
      "totalSellVolume": 44625.99581134312,
      "totalBuyTransactions": 179,
      "totalSellTransactions": 211,
      "totalTokensCreated": 0,
      "totalTokensCreatedPct": 0,
      "totalMigrations": 0,
      "totalMigrationsPct": 0
    },
    "Bags": {
      "totalTransactions": 540,
      "totalTransactionsPct": -65.60509554140127,
      "totalTraders": 294,
      "totalTradersPct": -54.699537750385204,
      "totalVolume": 45617.170470714635,
      "totalVolumePct": -82.21444317978124,
      "totalBuyVolume": 22434.797004401335,
      "totalSellVolume": 23182.373466313293,
      "totalBuyTransactions": 324,
      "totalSellTransactions": 216,
      "totalTokensCreated": 5,
      "totalTokensCreatedPct": 66.66666666666666,
      "totalMigrations": 0,
      "totalMigrationsPct": 0
    },
    "Meteora AMM V2": {
      "totalTransactions": 338778,
      "totalTransactionsPct": -19.09547258667711,
      "totalTraders": 13140,
      "totalTradersPct": -7.209942800649671,
      "totalVolume": 314136760.1409312,
      "totalVolumePct": 33.71486311153822,
      "totalBuyVolume": 157139978.99867204,
      "totalSellVolume": 156996781.14225906,
      "totalBuyTransactions": 169417,
      "totalSellTransactions": 169361,
      "totalTokensCreated": 150,
      "totalTokensCreatedPct": 15.384615384615385,
      "totalMigrations": 0,
      "totalMigrationsPct": 0
    },
    "Raydium CLMM": {
      "totalTransactions": 33558,
      "totalTransactionsPct": -3.330068560235064,
      "totalTraders": 8689,
      "totalTradersPct": -11.86732934374683,
      "totalVolume": 9688926.406743241,
      "totalVolumePct": 72.3139390196088,
      "totalBuyVolume": 4583997.723563077,
      "totalSellVolume": 5104928.683180169,
      "totalBuyTransactions": 16792,
      "totalSellTransactions": 16766,
      "totalTokensCreated": 2,
      "totalTokensCreatedPct": 0,
      "totalMigrations": 0,
      "totalMigrationsPct": 0
    },
    "Meteora DLMM": {
      "totalTransactions": 13578,
      "totalTransactionsPct": 4.808954071786955,
      "totalTraders": 2439,
      "totalTradersPct": 3.610875106202209,
      "totalVolume": 4261396.210689749,
      "totalVolumePct": 9.866112009059092,
      "totalBuyVolume": 2047224.189059325,
      "totalSellVolume": 2214172.0216304236,
      "totalBuyTransactions": 6074,
      "totalSellTransactions": 7504,
      "totalTokensCreated": 3,
      "totalTokensCreatedPct": 200,
      "totalMigrations": 0,
      "totalMigrationsPct": 0
    }
  },
  "6h": {
    "All": {
      "totalTransactions": 2983565,
      "totalTransactionsPct": -12.777477638661347,
      "totalTraders": 148630,