{
  "5m": {
    "All": {
      "totalTransactions": 42896,
      "totalTransactionsPct": 6.083687802947868,
      "totalTraders": 10022,
      "totalTradersPct": 3.854922279792746,
      "totalVolume": 15733858.833172979,
      "totalVolumePct": -64.22265079228079,
      "totalBuyVolume": 7801774.111870406,
      "totalSellVolume": 7932084.721302602,
      "totalBuyTransactions": 21814,
      "totalSellTransactions": 21082,
      "totalTokensCreated": 73,
      "totalTokensCreatedPct": -30.476190476190478,
      "totalMigrations": 1,
      "totalMigrationsPct": 0
    },
    "Pump V1": {
      "totalTransactions": 8139,
      "totalTransactionsPct": 7.0498487439168755,
      "totalTraders": 4252,
      "totalTradersPct": 3.0538051381483275,
      "totalVolume": 681664.62166097,
      "totalVolumePct": 5.964451173612086,
      "totalBuyVolume": 336190.9314727795,
      "totalSellVolume": 345473.69018819043,
      "totalBuyTransactions": 4396,
      "totalSellTransactions": 3743,
      "totalTokensCreated": 52,
      "totalTokensCreatedPct": -35.80246913580247,
      "totalMigrations": 1,
      "totalMigrationsPct": 0
    },
    "Bags": {
      "totalTransactions": 76,
      "totalTransactionsPct": 40.74074074074074,
      "totalTraders": 49,
      "totalTradersPct": 4.25531914893617,
      "totalVolume": 4745.111603337845,
      "totalVolumePct": -12.585609572569087,
      "totalBuyVolume": 2497.636859594955,
      "totalSellVolume": 2247.47474374289,
      "totalBuyTransactions": 50,
      "totalSellTransactions": 26,
      "totalTokensCreated": 0,
      "totalTokensCreatedPct": -100,
      "totalMigrations": 0,
      "totalMigrationsPct": 0
    },
    "Bonk": {
      "totalTransactions": 26,
      "totalTransactionsPct": -21.21212121212121,
      "totalTraders": 24,
      "totalTradersPct": -22.58064516129032,
      "totalVolume": 4012.01911152292,
      "totalVolumePct": 30.14629404975838,
      "totalBuyVolume": 1517.233875229075,
      "totalSellVolume": 2494.785236293845,
      "totalBuyTransactions": 18,
      "totalSellTransactions": 8,
      "totalTokensCreated": 0,
      "totalTokensCreatedPct": 0,
      "totalMigrations": 0,
      "totalMigrationsPct": 0
    },
    "Meteora AMM V2": {
      "totalTransactions": 28419,
      "totalTransactionsPct": 1.6270919753969388,
      "totalTraders": 4210,
      "totalTradersPct": 5.32899674756067,
      "totalVolume": 12861996.942463053,
      "totalVolumePct": -69.16800937445645,
      "totalBuyVolume": 6454485.405210155,
      "totalSellVolume": 6407511.537252903,
      "totalBuyTransactions": 14043,
      "totalSellTransactions": 14376,
      "totalTokensCreated": 11,
      "totalTokensCreatedPct": 10,
      "totalMigrations": 0,
      "totalMigrationsPct": 0
    },
    "Raydium CLMM": {
      "totalTransactions": 2511,
      "totalTransactionsPct": 0.44,
      "totalTraders": 1122,
      "totalTradersPct": -0.44365572315882873,
      "totalVolume": 761462.5581770285,
      "totalVolumePct": 7.811945640166333,
      "totalBuyVolume": 365915.2555682003,
      "totalSellVolume": 395547.30260882835,
      "totalBuyTransactions": 1278,
      "totalSellTransactions": 1233,
      "totalTokensCreated": 1,
      "totalTokensCreatedPct": 0,
      "totalMigrations": 0,
      "totalMigrationsPct": 0
    },
    "Meteora DLMM": {
      "totalTransactions": 1122,
      "totalTransactionsPct": 48.02110817941953,
      "totalTraders": 365,
      "totalTradersPct": 22.895622895622896,
      "totalVolume": 411766.86362851376,
      "totalVolumePct": 31.61107524893489,
      "totalBuyVolume": 177352.05914258273,
      "totalSellVolume": 234414.8044859309,
      "totalBuyTransactions": 572,
      "totalSellTransactions": 550,
      "totalTokensCreated": 0,
      "totalTokensCreatedPct": 0,
      "totalMigrations": 0,
      "totalMigrationsPct": 0
    }
  },
  "1h": {
    "All": {
      "totalTransactions": 506360,
      "totalTransactionsPct": -12.083104003278045,
      "totalTraders": 49295,
      "totalTradersPct": -1.0041168792047395,
      "totalVolume": 344270862.77757126,
      "totalVolumePct": 32.19367628514367,
      "totalBuyVolume": 172025691.1601671,
      "totalSellVolume": 172245171.61740395,
      "totalBuyTransactions": 256455,
      "totalSellTransactions": 249905,
      "totalTokensCreated": 885,
      "totalTokensCreatedPct": -8.85684860968074,
      "totalMigrations": 8,
      "totalMigrationsPct": 60
    },
    "Pump V1": {
      "totalTransactions": 93259,
      "totalTransactionsPct": 10.150593515620386,
      "totalTraders": 25111,
      "totalTradersPct": 7.005582307069503,
      "totalVolume": 8098146.152526301,
      "totalVolumePct": 15.29655276177157,
      "totalBuyVolume": 3980864.664058898,
      "totalSellVolume": 4117281.4884674028,
      "totalBuyTransactions": 49960,
      "totalSellTransactions": 43299,
      "totalTokensCreated": 570,
      "totalTokensCreatedPct": -15.929203539823009,
      "totalMigrations": 8,
      "totalMigrationsPct": 60
    },
    "Bonk": {
      "totalTransactions": 385,
      "totalTransactionsPct": 40,
      "totalTraders": 215,
      "totalTradersPct": 38.70967741935484,
      "totalVolume": 82021.82215237626,
      "totalVolumePct": 143.01588526298363,
      "totalBuyVolume": 37503.746112159555,
      "totalSellVolume": 44518.07604021666,
      "totalBuyTransactions": 175,
      "totalSellTransactions": 210,
      "totalTokensCreated": 0,
      "totalTokensCreatedPct": 0,
      "totalMigrations": 0,
      "totalMigrationsPct": 0
    },
    "Bags": {
      "totalTransactions": 531,
      "totalTransactionsPct": -66.11359285258456,
      "totalTraders": 291,
      "totalTradersPct": -54.95356037151703,
      "totalVolume": 44991.44940342545,
      "totalVolumePct": -82.43755132933741,
      "totalBuyVolume": 22370.651198337328,
      "totalSellVolume": 22620.79820508812,
      "totalBuyTransactions": 318,
      "totalSellTransactions": 213,
      "totalTokensCreated": 5,
      "totalTokensCreatedPct": 66.66666666666666,
      "totalMigrations": 0,
      "totalMigrationsPct": 0
    },
    "Meteora AMM V2": {
      "totalTransactions": 339303,
      "totalTransactionsPct": -18.819847689867288,
      "totalTraders": 13175,
      "totalTradersPct": -6.791651927838699,
      "totalVolume": 313310763.1376232,
      "totalVolumePct": 33.59279459703621,
      "totalBuyVolume": 156743976.7075844,
      "totalSellVolume": 156566786.43003872,
      "totalBuyTransactions": 169821,
      "totalSellTransactions": 169482,
      "totalTokensCreated": 148,
      "totalTokensCreatedPct": 11.278195488721805,
      "totalMigrations": 0,
      "totalMigrationsPct": 0
    },
    "Raydium CLMM": {
      "totalTransactions": 33691,
      "totalTransactionsPct": -3.161737230893047,
      "totalTraders": 8711,
      "totalTradersPct": -11.509548963835838,
      "totalVolume": 9822820.32588124,
      "totalVolumePct": 77.11461349622549,
      "totalBuyVolume": 4650452.481251683,
      "totalSellVolume": 5172367.84462956,
      "totalBuyTransactions": 16901,
      "totalSellTransactions": 16790,
      "totalTokensCreated": 2,
      "totalTokensCreatedPct": -33.33333333333333,
      "totalMigrations": 0,
      "totalMigrationsPct": 0
    },
    "Meteora DLMM": {
      "totalTransactions": 13675,
      "totalTransactionsPct": 3.3089068520057414,
      "totalTraders": 2440,
      "totalTradersPct": 3.6093418259023355,
      "totalVolume": 4201949.119254569,
      "totalVolumePct": -0.561382178720661,
      "totalBuyVolume": 1999298.8552953145,
      "totalSellVolume": 2202650.263959253,
      "totalBuyTransactions": 6060,
      "totalSellTransactions": 7615,
      "totalTokensCreated": 3,
      "totalTokensCreatedPct": 200,
      "totalMigrations": 0,
      "totalMigrationsPct": 0
    }
  },
  "6h": {
    "All": {
      "totalTransactions": 2983531,
      "totalTransactionsPct": -12.819810779900287,
      "totalTraders": 148606,
      "totalTradersPct": -3.7207886024528825,