{
  "5m": {
    "All": {
      "totalTransactions": 42206,
      "totalTransactionsPct": 8.401181456273275,
      "totalTraders": 14499,
      "totalTradersPct": 9.24502712477396,
      "totalVolume": 8338816.4652106445,
      "totalVolumePct": 14.404462637732147,
      "totalBuyVolume": 4245966.470450373,
      "totalSellVolume": 4092849.9947602656,
      "totalBuyTransactions": 22351,
      "totalSellTransactions": 19855,
      "totalTokensCreated": 209,
      "totalTokensCreatedPct": -7.111111111111111,
      "totalMigrations": 2,
      "totalMigrationsPct": -33.33333333333333
    },
    "Pump V1": {
      "totalTransactions": 15836,
      "totalTransactionsPct": 9.432658420288853,
      "totalTraders": 7932,
      "totalTradersPct": 11.232646192679848,
      "totalVolume": 1063128.8979850844,
      "totalVolumePct": 7.9320095320851856,
      "totalBuyVolume": 516006.46975516935,
      "totalSellVolume": 547122.4282299145,
      "totalBuyTransactions": 8180,
      "totalSellTransactions": 7656,
      "totalTokensCreated": 153,
      "totalTokensCreatedPct": -12.068965517241379,
      "totalMigrations": 2,
      "totalMigrationsPct": -33.33333333333333
    },
    "Bags": {
      "totalTransactions": 325,
      "totalTransactionsPct": -4.970760233918129,
      "totalTraders": 243,
      "totalTradersPct": 0.8298755186721992,
      "totalVolume": 21609.504845107345,
      "totalVolumePct": -19.045406510539223,
      "totalBuyVolume": 10610.87883323255,
      "totalSellVolume": 10998.626011874794,
      "totalBuyTransactions": 169,
      "totalSellTransactions": 156,
      "totalTokensCreated": 2,
      "totalTokensCreatedPct": 100,
      "totalMigrations": 0,
      "totalMigrationsPct": 0
    },
    "Bonk": {
      "totalTransactions": 226,
      "totalTransactionsPct": -17.216117216117215,
      "totalTraders": 159,
      "totalTradersPct": -20.8955223880597,
      "totalVolume": 20393.76784952714,
      "totalVolumePct": -17.445709388541474,
      "totalBuyVolume": 10914.887217436804,
      "totalSellVolume": 9478.880632090335,
      "totalBuyTransactions": 86,
      "totalSellTransactions": 140,
      "totalTokensCreated": 6,
      "totalTokensCreatedPct": 50,
      "totalMigrations": 0,
      "totalMigrationsPct": 0
    },
    "Meteora AMM V2": {
      "totalTransactions": 18906,
      "totalTransactionsPct": 13.850415512465375,
      "totalTraders": 4866,
      "totalTradersPct": 13.031358885017422,
      "totalVolume": 5808541.674071452,
      "totalVolumePct": 23.67843039793647,
      "totalBuyVolume": 2892838.277824454,
      "totalSellVolume": 2915703.396247,
      "totalBuyTransactions": 10165,
      "totalSellTransactions": 8741,
      "totalTokensCreated": 14,
      "totalTokensCreatedPct": -22.22222222222222,
      "totalMigrations": 0,
      "totalMigrationsPct": 0
    },
    "Raydium CLMM": {
      "totalTransactions": 2906,
      "totalTransactionsPct": -4.814936128398297,
      "totalTraders": 807,
      "totalTradersPct": -5.170387779083431,
      "totalVolume": 596448.4578950729,
      "totalVolumePct": 5.9895255394988185,
      "totalBuyVolume": 369024.5211636578,
      "totalSellVolume": 227423.9367314148,
      "totalBuyTransactions": 1583,
      "totalSellTransactions": 1323,
      "totalTokensCreated": 0,
      "totalTokensCreatedPct": 0,
      "totalMigrations": 0,
      "totalMigrationsPct": 0
    },
    "Meteora DLMM": {
      "totalTransactions": 1490,
      "totalTransactionsPct": 1.291638341264446,
      "totalTraders": 551,
      "totalTradersPct": -2.992957746478873,
      "totalVolume": 452730.76241772366,
      "totalVolumePct": 5.558760442475607,
      "totalBuyVolume": 216330.6470915595,
      "totalSellVolume": 236400.11532616417,
      "totalBuyTransactions": 700,
      "totalSellTransactions": 790,
      "totalTokensCreated": 2,
      "totalTokensCreatedPct": 100,
      "totalMigrations": 0,
      "totalMigrationsPct": 0
    }
  },
  "1h": {
    "All": {
      "totalTransactions": 517635,
      "totalTransactionsPct": -12.515844445571162,
      "totalTraders": 73844,
      "totalTradersPct": -5.834045320649333,
      "totalVolume": 109158241.18186364,
      "totalVolumePct": -22.925893194092122,
      "totalBuyVolume": 55147325.41700441,
      "totalSellVolume": 54010915.76485922,
      "totalBuyTransactions": 272369,
      "totalSellTransactions": 245266,
      "totalTokensCreated": 2728,
      "totalTokensCreatedPct": 8.426073131955485,
      "totalMigrations": 17,
      "totalMigrationsPct": -34.61538461538461
    },
    "Pump V1": {
      "totalTransactions": 167228,
      "totalTransactionsPct": -6.985488383476001,
      "totalTraders": 37682,
      "totalTradersPct": -0.05039654120580356,
      "totalVolume": 11175827.042303836,
      "totalVolumePct": -10.755753687253854,
      "totalBuyVolume": 5437785.600873988,
      "totalSellVolume": 5738041.441429845,
      "totalBuyTransactions": 87076,
      "totalSellTransactions": 80152,
      "totalTokensCreated": 2031,
      "totalTokensCreatedPct": 5.124223602484472,
      "totalMigrations": 15,
      "totalMigrationsPct": -37.5
    },
    "Bonk": {
      "totalTransactions": 4201,
      "totalTransactionsPct": 6.246838644410723,
      "totalTraders": 1737,
      "totalTradersPct": 3.2085561497326207,
      "totalVolume": 415905.95491170173,
      "totalVolumePct": 7.507725412718427,
      "totalBuyVolume": 206938.5756830486,
      "totalSellVolume": 208967.37922865318,
      "totalBuyTransactions": 2108,
      "totalSellTransactions": 2093,
      "totalTokensCreated": 84,
      "totalTokensCreatedPct": 75,
      "totalMigrations": 0,
      "totalMigrationsPct": 0
    },
    "Bags": {
      "totalTransactions": 5037,
      "totalTransactionsPct": 41.4093206064009,
      "totalTraders": 2285,
      "totalTradersPct": 28.804960541149942,
      "totalVolume": 367690.55863333534,
      "totalVolumePct": 41.80184214001596,
      "totalBuyVolume": 183121.4084169672,
      "totalSellVolume": 184569.15021636823,
      "totalBuyTransactions": 2714,
      "totalSellTransactions": 2323,
      "totalTokensCreated": 48,
      "totalTokensCreatedPct": 54.83870967741935,
      "totalMigrations": 1,
      "totalMigrationsPct": 0
    },
    "Meteora AMM V2": {
      "totalTransactions": 239023,
      "totalTransactionsPct": -16.987455545676816,
      "totalTraders": 24234,
      "totalTradersPct": -19.485697199242498,
      "totalVolume": 75067599.25018515,
      "totalVolumePct": -25.950700324275346,
      "totalBuyVolume": 37473476.56249742,
      "totalSellVolume": 37594122.687687784,
      "totalBuyTransactions": 128261,
      "totalSellTransactions": 110762,
      "totalTokensCreated": 185,
      "totalTokensCreatedPct": 3.35195530726257,
      "totalMigrations": 0,
      "totalMigrationsPct": 0
    },
    "Raydium CLMM": {
      "totalTransactions": 40474,
      "totalTransactionsPct": -9.722748868021323,
      "totalTraders": 6102,
      "totalTradersPct": -4.7901388672179745,
      "totalVolume": 7636259.742285489,
      "totalVolumePct": -15.245416692123548,
      "totalBuyVolume": 3757131.402192652,
      "totalSellVolume": 3879128.340092838,
      "totalBuyTransactions": 20437,
      "totalSellTransactions": 20037,
      "totalTokensCreated": 3,
      "totalTokensCreatedPct": 50,
      "totalMigrations": 0,
      "totalMigrationsPct": 0
    },
    "Meteora DLMM": {
      "totalTransactions": 20592,
      "totalTransactionsPct": -18.428141340516557,
      "totalTraders": 3839,
      "totalTradersPct": 0.44479330193615907,
      "totalVolume": 6338349.058802015,
      "totalVolumePct": -22.398208889753384,
      "totalBuyVolume": 3286805.6006742637,
      "totalSellVolume": 3051543.458127753,
      "totalBuyTransactions": 10378,
      "totalSellTransactions": 10214,
      "totalTokensCreated": 9,
      "totalTokensCreatedPct": 80,
      "totalMigrations": 0,
      "totalMigrationsPct": 0
    }
  },
  "6h": {
    "All": {
      "totalTransactions": 3122614,