{
  "5m": {
    "All": {
      "totalTransactions": 44977,
      "totalTransactionsPct": -2.351280937907078,
      "totalTraders": 10463,
      "totalTradersPct": 4.452430867525207,
      "totalVolume": 9900044.950336754,
      "totalVolumePct": -27.11138861202175,
      "totalBuyVolume": 4910079.761365283,
      "totalSellVolume": 4989965.188971475,
      "totalBuyTransactions": 23189,
      "totalSellTransactions": 21788,
      "totalTokensCreated": 69,
      "totalTokensCreatedPct": -23.333333333333332,
      "totalMigrations": 0,
      "totalMigrationsPct": -100
    },
    "Pump V1": {
      "totalTransactions": 7350,
      "totalTransactionsPct": 8.295270369824664,
      "totalTraders": 3882,
      "totalTradersPct": 12.32638888888889,
      "totalVolume": 684902.0818918103,
      "totalVolumePct": 29.375434019658343,
      "totalBuyVolume": 320864.4579152779,
      "totalSellVolume": 364037.6239765325,
      "totalBuyTransactions": 3885,
      "totalSellTransactions": 3465,
      "totalTokensCreated": 53,
      "totalTokensCreatedPct": -17.1875,
      "totalMigrations": 0,
      "totalMigrationsPct": -100
    },
    "Bags": {
      "totalTransactions": 48,
      "totalTransactionsPct": -35.13513513513514,
      "totalTraders": 36,
      "totalTradersPct": -28.000000000000004,
      "totalVolume": 7626.542831969799,
      "totalVolumePct": -42.13015360019609,
      "totalBuyVolume": 2491.20331889867,
      "totalSellVolume": 5135.339513071131,
      "totalBuyTransactions": 28,
      "totalSellTransactions": 20,
      "totalTokensCreated": 0,
      "totalTokensCreatedPct": -100,
      "totalMigrations": 0,
      "totalMigrationsPct": 0
    },
    "Virtual Curve": {
      "totalTransactions": 10,
      "totalTransactionsPct": -23.076923076923077,
      "totalTraders": 9,
      "totalTradersPct": 0,
      "totalVolume": 1124.059389249465,
      "totalVolumePct": 38.71227438309452,
      "totalBuyVolume": 831.08327007556,
      "totalSellVolume": 292.976119173905,
      "totalBuyTransactions": 5,
      "totalSellTransactions": 5,
      "totalTokensCreated": 3,
      "totalTokensCreatedPct": -40,
      "totalMigrations": 0,
      "totalMigrationsPct": 0
    },
    "Meteora AMM V2": {
      "totalTransactions": 31829,
      "totalTransactionsPct": -5.104200828836349,
      "totalTraders": 4705,
      "totalTradersPct": -2.7490698635799915,
      "totalVolume": 7782070.053671306,
      "totalVolumePct": -35.66923107420937,
      "totalBuyVolume": 3901961.818822206,
      "totalSellVolume": 3880108.234849115,
      "totalBuyTransactions": 16545,
      "totalSellTransactions": 15284,
      "totalTokensCreated": 6,
      "totalTokensCreatedPct": -33.33333333333333,
      "totalMigrations": 0,
      "totalMigrationsPct": 0
    },
    "Raydium CLMM": {
      "totalTransactions": 2840,
      "totalTransactionsPct": -14.689095824571943,
      "totalTraders": 1350,
      "totalTradersPct": 2.73972602739726,
      "totalVolume": 593783.0953026998,
      "totalVolumePct": 91.9349816921214,
      "totalBuyVolume": 280737.3321194918,
      "totalSellVolume": 313045.7631832081,
      "totalBuyTransactions": 1398,
      "totalSellTransactions": 1442,
      "totalTokensCreated": 0,
      "totalTokensCreatedPct": 0,
      "totalMigrations": 0,
      "totalMigrationsPct": 0
    },
    "Meteora DLMM": {
      "totalTransactions": 1029,
      "totalTransactionsPct": 23.233532934131738,
      "totalTraders": 371,
      "totalTradersPct": 22.8476821192053,
      "totalVolume": 261258.08085838764,
      "totalVolumePct": 28.743165539785792,
      "totalBuyVolume": 117321.78657604623,
      "totalSellVolume": 143936.2942823414,
      "totalBuyTransactions": 403,
      "totalSellTransactions": 626,
      "totalTokensCreated": 0,
      "totalTokensCreatedPct": 0,
      "totalMigrations": 0,
      "totalMigrationsPct": 0
    }
  },
  "1h": {
    "All": {
      "totalTransactions": 575816,
      "totalTransactionsPct": 15.286325795950075,
      "totalTraders": 49878,
      "totalTradersPct": 8.010134476710192,
      "totalVolume": 259834794.63066357,
      "totalVolumePct": -51.196652436574276,
      "totalBuyVolume": 130108987.28637789,
      "totalSellVolume": 129725807.3442857,
      "totalBuyTransactions": 293274,
      "totalSellTransactions": 282542,
      "totalTokensCreated": 962,
      "totalTokensCreatedPct": -11.00832562442183,
      "totalMigrations": 5,
      "totalMigrationsPct": 150
    },
    "Pump V1": {
      "totalTransactions": 84574,
      "totalTransactionsPct": -1.1350751066690046,
      "totalTraders": 23496,
      "totalTradersPct": 6.466083646744301,
      "totalVolume": 7076440.273711038,
      "totalVolumePct": 8.615969307602063,
      "totalBuyVolume": 3463052.3032671353,
      "totalSellVolume": 3613387.9704439053,
      "totalBuyTransactions": 44524,
      "totalSellTransactions": 40050,
      "totalTokensCreated": 672,
      "totalTokensCreatedPct": -15.471698113207546,
      "totalMigrations": 5,
      "totalMigrationsPct": 150
    },
    "Bags": {
      "totalTransactions": 1570,
      "totalTransactionsPct": 406.4516129032258,
      "totalTraders": 649,
      "totalTradersPct": 203.2710280373832,
      "totalVolume": 256484.35374739944,
      "totalVolumePct": 714.303698243763,
      "totalBuyVolume": 134368.56860323923,
      "totalSellVolume": 122115.78514416021,
      "totalBuyTransactions": 839,
      "totalSellTransactions": 731,
      "totalTokensCreated": 3,
      "totalTokensCreatedPct": 0,
      "totalMigrations": 0,
      "totalMigrationsPct": 0
    },
    "Bonk": {
      "totalTransactions": 266,
      "totalTransactionsPct": -23.78223495702006,
      "totalTraders": 153,
      "totalTradersPct": -8.928571428571429,
      "totalVolume": 32574.881620690325,
      "totalVolumePct": -6.769102246376358,
      "totalBuyVolume": 11709.486790474872,
      "totalSellVolume": 20865.394830215457,
      "totalBuyTransactions": 122,
      "totalSellTransactions": 144,
      "totalTokensCreated": 0,
      "totalTokensCreatedPct": -100,
      "totalMigrations": 0,
      "totalMigrationsPct": 0
    },
    "Meteora AMM V2": {
      "totalTransactions": 418738,
      "totalTransactionsPct": 24.982613860558683,
      "totalTraders": 14161,
      "totalTradersPct": 15.223759153783565,
      "totalVolume": 234930323.24977523,
      "totalVolumePct": -53.6261098024733,
      "totalBuyVolume": 117580825.55718322,
      "totalSellVolume": 117349497.69259216,
      "totalBuyTransactions": 213149,
      "totalSellTransactions": 205589,
      "totalTokensCreated": 130,
      "totalTokensCreatedPct": 3.1746031746031744,
      "totalMigrations": 0,
      "totalMigrationsPct": 0
    },
    "Raydium CLMM": {
      "totalTransactions": 34714,
      "totalTransactionsPct": -0.11509466536226046,
      "totalTraders": 9859,
      "totalTradersPct": 3.289680460974332,
      "totalVolume": 5622833.800834111,
      "totalVolumePct": -10.785458878439956,
      "totalBuyVolume": 2879918.6222655037,
      "totalSellVolume": 2742915.178568608,
      "totalBuyTransactions": 17203,
      "totalSellTransactions": 17511,
      "totalTokensCreated": 2,
      "totalTokensCreatedPct": -71.42857142857143,
      "totalMigrations": 0,
      "totalMigrationsPct": 0
    },
    "Meteora DLMM": {
      "totalTransactions": 12955,
      "totalTransactionsPct": 6.4852868650337,
      "totalTraders": 2354,
      "totalTradersPct": 6.757369614512472,
      "totalVolume": 3878717.5888579474,
      "totalVolumePct": -12.515781732170241,
      "totalBuyVolume": 1930818.4022144005,
      "totalSellVolume": 1947899.1866435483,
      "totalBuyTransactions": 5795,
      "totalSellTransactions": 7160,
      "totalTokensCreated": 1,
      "totalTokensCreatedPct": -75,
      "totalMigrations": 0,
      "totalMigrationsPct": 0
    }
  },
  "6h": {
    "All": {
      "totalTransactions": 2933579,
      "totalTransactionsPct": -17.73728236089184,
      "totalTraders": 147383,