{
  "5m": {
    "All": {
      "totalTransactions": 50774,
      "totalTransactionsPct": 2.3318620634056875,
      "totalTraders": 10290,
      "totalTradersPct": 2.316794272645918,
      "totalVolume": 24763578.26211802,
      "totalVolumePct": -17.02805936399082,
      "totalBuyVolume": 12454766.669224096,
      "totalSellVolume": 12308811.592893923,
      "totalBuyTransactions": 26095,
      "totalSellTransactions": 24679,
      "totalTokensCreated": 66,
      "totalTokensCreatedPct": -28.26086956521739,
      "totalMigrations": 1,
      "totalMigrationsPct": 0
    },
    "Pump V1": {
      "totalTransactions": 6973,
      "totalTransactionsPct": 3.904038146326926,
      "totalTraders": 3564,
      "totalTradersPct": 2.5611510791366907,
      "totalVolume": 620023.1375773717,
      "totalVolumePct": 2.564568246709953,
      "totalBuyVolume": 300001.3711530509,
      "totalSellVolume": 320021.76642432046,
      "totalBuyTransactions": 3679,
      "totalSellTransactions": 3294,
      "totalTokensCreated": 51,
      "totalTokensCreatedPct": -16.39344262295082,
      "totalMigrations": 1,
      "totalMigrationsPct": 0
    },
    "Bags": {
      "totalTransactions": 84,
      "totalTransactionsPct": 31.25,
      "totalTraders": 61,
      "totalTradersPct": 10.909090909090908,
      "totalVolume": 11256.008626690764,
      "totalVolumePct": 51.000688866125564,
      "totalBuyVolume": 5860.389938963665,
      "totalSellVolume": 5395.618687727099,
      "totalBuyTransactions": 49,
      "totalSellTransactions": 35,
      "totalTokensCreated": 1,
      "totalTokensCreatedPct": 0,
      "totalMigrations": 0,
      "totalMigrationsPct": 0
    },
    "Bonk": {
      "totalTransactions": 38,
      "totalTransactionsPct": 153.33333333333334,
      "totalTraders": 29,
      "totalTradersPct": 107.14285714285714,
      "totalVolume": 5855.789361166335,
      "totalVolumePct": 268.4897872931062,
      "totalBuyVolume": 402.16877455345,
      "totalSellVolume": 5453.620586612885,
      "totalBuyTransactions": 6,
      "totalSellTransactions": 32,
      "totalTokensCreated": 0,
      "totalTokensCreatedPct": 0,
      "totalMigrations": 0,
      "totalMigrationsPct": 0
    },
    "Meteora AMM V2": {
      "totalTransactions": 37373,
      "totalTransactionsPct": 5.947554925584692,
      "totalTraders": 5046,
      "totalTradersPct": 7.636518771331058,
      "totalVolume": 22816925.643432952,
      "totalVolumePct": -16.018538571235975,
      "totalBuyVolume": 11430684.63095168,
      "totalSellVolume": 11386241.012481274,
      "totalBuyTransactions": 19324,
      "totalSellTransactions": 18049,
      "totalTokensCreated": 8,
      "totalTokensCreatedPct": -50,
      "totalMigrations": 0,
      "totalMigrationsPct": 0
    },
    "Raydium CLMM": {
      "totalTransactions": 3409,
      "totalTransactionsPct": 1.7308266189197254,
      "totalTraders": 1271,
      "totalTradersPct": -7.965242577842144,
      "totalVolume": 363648.65713817277,
      "totalVolumePct": -21.041834540312898,
      "totalBuyVolume": 198281.41248279778,
      "totalSellVolume": 165367.24465537496,
      "totalBuyTransactions": 1739,
      "totalSellTransactions": 1670,
      "totalTokensCreated": 0,
      "totalTokensCreatedPct": 0,
      "totalMigrations": 0,
      "totalMigrationsPct": 0
    },
    "Meteora DLMM": {
      "totalTransactions": 1161,
      "totalTransactionsPct": -26.379201014584652,
      "totalTraders": 338,
      "totalTradersPct": -13.110539845758353,
      "totalVolume": 293327.06919168174,
      "totalVolumePct": -46.646230420182754,
      "totalBuyVolume": 166483.4903774111,
      "totalSellVolume": 126843.57881427082,
      "totalBuyTransactions": 525,
      "totalSellTransactions": 636,
      "totalTokensCreated": 0,
      "totalTokensCreatedPct": 0,
      "totalMigrations": 0,
      "totalMigrationsPct": 0
    }
  },
  "1h": {
    "All": {
      "totalTransactions": 574369,
      "totalTransactionsPct": 16.756379869007883,
      "totalTraders": 49254,
      "totalTradersPct": 6.4606073705825136,
      "totalVolume": 256714306.47387198,
      "totalVolumePct": -53.2073364092045,
      "totalBuyVolume": 128846638.38402818,
      "totalSellVolume": 127867668.08984382,
      "totalBuyTransactions": 292633,
      "totalSellTransactions": 281736,
      "totalTokensCreated": 1005,
      "totalTokensCreatedPct": -4.739336492890995,
      "totalMigrations": 4,
      "totalMigrationsPct": 100
    },
    "Pump V1": {
      "totalTransactions": 86114,
      "totalTransactionsPct": 1.904029347375895,
      "totalTraders": 23247,
      "totalTradersPct": 4.720933375377269,
      "totalVolume": 7050257.9073346425,
      "totalVolumePct": 10.847165783065602,
      "totalBuyVolume": 3487776.597178527,
      "totalSellVolume": 3562481.3101561177,
      "totalBuyTransactions": 45696,
      "totalSellTransactions": 40418,
      "totalTokensCreated": 697,
      "totalTokensCreatedPct": -10.526315789473683,
      "totalMigrations": 4,
      "totalMigrationsPct": 100
    },
    "Bags": {
      "totalTransactions": 1508,
      "totalTransactionsPct": 374.2138364779874,
      "totalTraders": 639,
      "totalTradersPct": 201.41509433962264,
      "totalVolume": 242273.51651261936,
      "totalVolumePct": 628.0016343152952,
      "totalBuyVolume": 128344.09434620586,
      "totalSellVolume": 113929.42216641342,
      "totalBuyTransactions": 800,
      "totalSellTransactions": 708,
      "totalTokensCreated": 2,
      "totalTokensCreatedPct": -50,
      "totalMigrations": 0,
      "totalMigrationsPct": 0
    },
    "Bonk": {
      "totalTransactions": 301,
      "totalTransactionsPct": -15.44943820224719,
      "totalTraders": 166,
      "totalTradersPct": -8.287292817679557,
      "totalVolume": 32621.05869072552,
      "totalVolumePct": -19.99974618096632,
      "totalBuyVolume": 8982.879082650674,
      "totalSellVolume": 23638.17960807485,
      "totalBuyTransactions": 117,
      "totalSellTransactions": 184,
      "totalTokensCreated": 0,
      "totalTokensCreatedPct": -100,
      "totalMigrations": 0,
      "totalMigrationsPct": 0
    },
    "Meteora AMM V2": {
      "totalTransactions": 414685,
      "totalTransactionsPct": 26.59818048601783,
      "totalTraders": 13968,
      "totalTradersPct": 16.274036460501122,
      "totalVolume": 230693145.26096034,
      "totalVolumePct": -55.83895508195469,
      "totalBuyVolume": 115439065.71616277,
      "totalSellVolume": 115254079.54479773,
      "totalBuyTransactions": 211215,
      "totalSellTransactions": 203470,
      "totalTokensCreated": 140,
      "totalTokensCreatedPct": 11.11111111111111,
      "totalMigrations": 0,
      "totalMigrationsPct": 0
    },
    "Raydium CLMM": {
      "totalTransactions": 34323,
      "totalTransactionsPct": -1.416015625,
      "totalTraders": 9732,
      "totalTradersPct": 0.43343653250773995,
      "totalVolume": 5659453.065652783,
      "totalVolumePct": -17.24195162807956,
      "totalBuyVolume": 2956867.0397525863,
      "totalSellVolume": 2702586.025900198,
      "totalBuyTransactions": 16948,
      "totalSellTransactions": 17375,
      "totalTokensCreated": 4,
      "totalTokensCreatedPct": -42.857142857142854,
      "totalMigrations": 0,
      "totalMigrationsPct": 0
    },
    "Meteora DLMM": {
      "totalTransactions": 13241,
      "totalTransactionsPct": 9.276223487661962,
      "totalTraders": 2340,
      "totalTradersPct": 6.605922551252847,
      "totalVolume": 4227324.780397405,
      "totalVolumePct": -4.999424550522068,
      "totalBuyVolume": 2122389.6300905873,
      "totalSellVolume": 2104935.1503068167,
      "totalBuyTransactions": 5875,
      "totalSellTransactions": 7366,
      "totalTokensCreated": 1,
      "totalTokensCreatedPct": -80,
      "totalMigrations": 0,
      "totalMigrationsPct": 0
    }
  },
  "6h": {
    "All": {
      "totalTransactions": 2923274,
      "totalTransactionsPct": -18.343434930314903,
      "totalTraders": 147130,