{
  "5m": {
    "All": {
      "totalTransactions": 44471,
      "totalTransactionsPct": -9.348309109811035,
      "totalTraders": 10254,
      "totalTradersPct": -0.21409108602569094,
      "totalVolume": 9368560.493272824,
      "totalVolumePct": -51.43958947320636,
      "totalBuyVolume": 4635102.803482184,
      "totalSellVolume": 4733457.689790648,
      "totalBuyTransactions": 22977,
      "totalSellTransactions": 21494,
      "totalTokensCreated": 87,
      "totalTokensCreatedPct": 35.9375,
      "totalMigrations": 1,
      "totalMigrationsPct": 0
    },
    "Pump V1": {
      "totalTransactions": 6762,
      "totalTransactionsPct": -6.563493160149234,
      "totalTraders": 3611,
      "totalTradersPct": 0.6129841181387573,
      "totalVolume": 548862.3664731971,
      "totalVolumePct": -10.979588833986348,
      "totalBuyVolume": 275669.75927646656,
      "totalSellVolume": 273192.60719673085,
      "totalBuyTransactions": 3581,
      "totalSellTransactions": 3181,
      "totalTokensCreated": 68,
      "totalTokensCreatedPct": 44.680851063829785,
      "totalMigrations": 1,
      "totalMigrationsPct": 0
    },
    "Bags": {
      "totalTransactions": 48,
      "totalTransactionsPct": -39.24050632911392,
      "totalTraders": 38,
      "totalTradersPct": -35.59322033898305,
      "totalVolume": 7703.812075591864,
      "totalVolumePct": -37.515051656330485,
      "totalBuyVolume": 3341.3204738365357,
      "totalSellVolume": 4362.4916017553305,
      "totalBuyTransactions": 23,
      "totalSellTransactions": 25,
      "totalTokensCreated": 1,
      "totalTokensCreatedPct": 0,
      "totalMigrations": 0,
      "totalMigrationsPct": 0
    },
    "Bonk": {
      "totalTransactions": 22,
      "totalTransactionsPct": -12,
      "totalTraders": 21,
      "totalTradersPct": -4.545454545454546,
      "totalVolume": 3640.0995799695397,
      "totalVolumePct": 51.70678336356281,
      "totalBuyVolume": 3132.87019204584,
      "totalSellVolume": 507.2293879237,
      "totalBuyTransactions": 14,
      "totalSellTransactions": 8,
      "totalTokensCreated": 0,
      "totalTokensCreatedPct": 0,
      "totalMigrations": 0,
      "totalMigrationsPct": 0
    },
    "Meteora AMM V2": {
      "totalTransactions": 32967,
      "totalTransactionsPct": -6.891292682237976,
      "totalTraders": 4815,
      "totalTradersPct": -3.5263474253656586,
      "totalVolume": 8077695.615783888,
      "totalVolumePct": -53.861617683989536,
      "totalBuyVolume": 4046072.8811473106,
      "totalSellVolume": 4031622.7346365927,
      "totalBuyTransactions": 17063,
      "totalSellTransactions": 15904,
      "totalTokensCreated": 5,
      "totalTokensCreatedPct": -37.5,
      "totalMigrations": 0,
      "totalMigrationsPct": 0
    },
    "Raydium CLMM": {
      "totalTransactions": 2721,
      "totalTransactionsPct": -23.28728502960248,
      "totalTraders": 1369,
      "totalTradersPct": 5.714285714285714,
      "totalVolume": 264423.72799912625,
      "totalVolumePct": -25.810865457344413,
      "totalBuyVolume": 131315.22781898765,
      "totalSellVolume": 133108.50018013862,
      "totalBuyTransactions": 1361,
      "totalSellTransactions": 1360,
      "totalTokensCreated": 0,
      "totalTokensCreatedPct": 0,
      "totalMigrations": 0,
      "totalMigrationsPct": 0
    },
    "Meteora DLMM": {
      "totalTransactions": 728,
      "totalTransactionsPct": -28.063241106719367,
      "totalTraders": 327,
      "totalTradersPct": 3.481012658227848,
      "totalVolume": 203012.93223766953,
      "totalVolumePct": -10.085351477900376,
      "totalBuyVolume": 78183.18356301734,
      "totalSellVolume": 124829.74867465218,
      "totalBuyTransactions": 337,
      "totalSellTransactions": 391,
      "totalTokensCreated": 0,
      "totalTokensCreatedPct": 0,
      "totalMigrations": 0,
      "totalMigrationsPct": 0
    }
  },
  "1h": {
    "All": {
      "totalTransactions": 576459,
      "totalTransactionsPct": 15.493914350112698,
      "totalTraders": 49786,
      "totalTradersPct": 8.080062521708927,
      "totalVolume": 260405658.97148156,
      "totalVolumePct": -52.49513781706627,
      "totalBuyVolume": 130616664.87381016,
      "totalSellVolume": 129788994.09767142,
      "totalBuyTransactions": 293016,
      "totalSellTransactions": 283443,
      "totalTokensCreated": 969,
      "totalTokensCreatedPct": -10.608856088560886,
      "totalMigrations": 5,
      "totalMigrationsPct": 150
    },
    "Pump V1": {
      "totalTransactions": 84893,
      "totalTransactionsPct": -0.014133443260114245,
      "totalTraders": 23474,
      "totalTradersPct": 6.957670752266824,
      "totalVolume": 7014591.476693154,
      "totalVolumePct": 8.764748783082373,
      "totalBuyVolume": 3464680.0684520267,
      "totalSellVolume": 3549911.408241131,
      "totalBuyTransactions": 44708,
      "totalSellTransactions": 40185,
      "totalTokensCreated": 675,
      "totalTokensCreatedPct": -15.835411471321695,
      "totalMigrations": 5,
      "totalMigrationsPct": 150
    },
    "Bags": {
      "totalTransactions": 1554,
      "totalTransactionsPct": 399.6784565916399,
      "totalTraders": 647,
      "totalTradersPct": 202.33644859813086,
      "totalVolume": 252115.96688525483,
      "totalVolumePct": 708.7144552596786,
      "totalBuyVolume": 132538.47022399155,
      "totalSellVolume": 119577.49666126326,
      "totalBuyTransactions": 827,
      "totalSellTransactions": 727,
      "totalTokensCreated": 3,
      "totalTokensCreatedPct": 0,
      "totalMigrations": 0,
      "totalMigrationsPct": 0
    },
    "Bonk": {
      "totalTransactions": 294,
      "totalTransactionsPct": -8.695652173913043,
      "totalTraders": 160,
      "totalTradersPct": -0.6211180124223602,
      "totalVolume": 35219.358942935956,
      "totalVolumePct": 8.419209089621111,
      "totalBuyVolume": 11642.227020474871,
      "totalSellVolume": 23577.13192246109,
      "totalBuyTransactions": 120,
      "totalSellTransactions": 174,
      "totalTokensCreated": 0,
      "totalTokensCreatedPct": -100,
      "totalMigrations": 0,
      "totalMigrationsPct": 0
    },
    "Meteora AMM V2": {
      "totalTransactions": 417827,
      "totalTransactionsPct": 23.982065601205914,
      "totalTraders": 14127,
      "totalTradersPct": 14.975177016358753,
      "totalVolume": 234447421.21476054,
      "totalVolumePct": -55.245620454316345,
      "totalBuyVolume": 117317982.14426067,
      "totalSellVolume": 117129439.07050003,
      "totalBuyTransactions": 212519,
      "totalSellTransactions": 205308,
      "totalTokensCreated": 133,
      "totalTokensCreatedPct": 5.555555555555555,
      "totalMigrations": 0,
      "totalMigrationsPct": 0
    },
    "Raydium CLMM": {
      "totalTransactions": 34854,
      "totalTransactionsPct": 1.730830973993754,
      "totalTraders": 9856,
      "totalTradersPct": 3.409925506242787,
      "totalVolume": 5532751.094225648,
      "totalVolumePct": -10.999205883453861,
      "totalBuyVolume": 2891462.5407312205,
      "totalSellVolume": 2641288.5534944274,
      "totalBuyTransactions": 17238,
      "totalSellTransactions": 17616,
      "totalTokensCreated": 3,
      "totalTokensCreatedPct": -50,
      "totalMigrations": 0,
      "totalMigrationsPct": 0
    },
    "Meteora DLMM": {
      "totalTransactions": 13326,
      "totalTransactionsPct": 12.067950550836768,
      "totalTraders": 2349,
      "totalTradersPct": 6.385869565217392,
      "totalVolume": 4257357.896747582,
      "totalVolumePct": 3.810544270900566,
      "totalBuyVolume": 2105386.061670444,
      "totalSellVolume": 2151971.835077139,
      "totalBuyTransactions": 5896,
      "totalSellTransactions": 7430,
      "totalTokensCreated": 1,
      "totalTokensCreatedPct": -75,
      "totalMigrations": 0,
      "totalMigrationsPct": 0
    }
  },
  "6h": {
    "All": {
      "totalTransactions": 2932147,
      "totalTransactionsPct": -17.82845391842221,
      "totalTraders": 147287,
      "totalTradersPct": -4.967545455718581,